{"wer": 100.7728603970062, "wer_ortho": 102.14000000000001}