{"reazonspeech.tiny": {"duration": [5.818697374600789, 30971.8214375, 0], "amp_max": [0.3089438565082396, 1644.3109436035156, 0], "amp_min": [-0.27363983446687723, 0, -1456.43212890625], "amp_mean": [-1.335487631830351e-05, 9.034463425078258e-05, -0.07869902875654497], "data_size": 5323}, "reazonspeech.small": {"duration": [5.801437759883687, 359953.0003125031, 0], "amp_max": [0.308449049846097, 19138.023651123047, 0], "amp_min": [-0.27252118176763934, 0, -16908.768157958984], "amp_mean": [-1.177177772665925e-05, 9.034463425078258e-05, -0.7505654478841707], "data_size": 62047}, "reazonspeech.medium": {"duration": [5.813945806939046, 3599617.645250013, 0], "amp_max": [0.30823714126356627, 190840.50427246094, 0], "amp_min": [-0.2721511942556088, 0, -168498.298828125], "amp_mean": [-1.2371193962592533e-05, 9.034463425078258e-05, -7.660224080025777], "data_size": 619136}, "ja_asr.jsut-basic5000": {"duration": [4.879981962500002, 24397.08981250001, 0], "amp_max": [0.29849571533203123, 1492.1046142578125, 0], "amp_min": [-0.3610068908691406, 0, -1804.7010192871094], "amp_mean": [-0.00011396352991614198, 0, -0.5695794722383739], "data_size": 5000}, "common_voice_8_0": {"duration": [5.179522046248786, 23213.333333333307, 0], "amp_max": [0.54655678999888, 2449.5248482748866, 0], "amp_min": [-0.5183554265553395, 0, -2323.3274986241013], "amp_mean": [-6.5805537572724295e-06, 1.9519012604662906e-05, -0.02948917810004687], "data_size": 4483}}