{"ja_asr.jsut-basic5000": {"audio": {"duration": {"mean": 4.879981962500002, "max": 16.37, "min": 1.44}, "amplitude_max": {"mean": 0.29849571533203123, "max": 0.8353271484375, "min": 0.1644287109375}, "amplitude_min": {"mean": -0.3610068908691406, "max": -0.225921630859375, "min": -0.6043701171875}, "amplitude_mean": {"mean": -0.00011396352991614198, "max": 0.00019071391810659554, "min": -0.0005297069748242696}}, "transcription": {"character_length": {"mean": 29.3598, "max": 97, "min": 5}, "token_length": {"mean": 32.4696, "max": 95, "min": 10}}, "total_data_size": 5000, "total_audio_duration (sec)": 24399.90981250001, "total_transcription_size (character)": 146799}, "common_voice_8_0": {"audio": {"duration": {"mean": 5.179522046248786, "max": 10.496, "min": 1.536}, "amplitude_max": {"mean": 0.54655678999888, "max": 1.8852744102478027, "min": 0.005425442010164261}, "amplitude_min": {"mean": -0.5183554265553395, "max": -0.005679234862327576, "min": -1.8067032098770142}, "amplitude_mean": {"mean": -6.5805537572724295e-06, "max": 0.00045223285987805684, "min": -0.003089697120947141}}, "transcription": {"character_length": {"mean": 23.068480927950034, "max": 75, "min": 2}, "token_length": {"mean": 24.51862592014276, "max": 73, "min": 6}}, "total_data_size": 4483, "total_audio_duration (sec)": 23219.797333333307, "total_transcription_size (character)": 103416}}