{"reazonspeech.tiny": {"audio": {"duration": {"mean": 5.818697374600789, "max": 29.9973125, "min": 0.624}, "amplitude_max": {"mean": 0.3089438565082396, "max": 0.999969482421875, "min": 0.049224853515625}, "amplitude_min": {"mean": -0.27363983446687723, "max": -0.033294677734375, "min": -1.0}, "amplitude_mean": {"mean": -1.335487631830351e-05, "max": 0.013347745348933302, "min": -0.015332619109960954}}, "transcription": {"character_length": {"mean": 24.599098252864927, "max": 206, "min": 2}, "token_length": {"mean": 26.46158181476611, "max": 175, "min": 5}}, "total_data_size": 5323, "total_audio_duration (sec)": 30972.926124999998, "total_transcription_size (character)": 130941}, "reazonspeech.small": {"audio": {"duration": {"mean": 5.801437759883687, "max": 29.9973125, "min": 0.5600625}, "amplitude_max": {"mean": 0.308449049846097, "max": 4.1092529296875, "min": 0.016815185546875}, "amplitude_min": {"mean": -0.27252118176763934, "max": -0.0155029296875, "min": -1.0}, "amplitude_mean": {"mean": -1.177177772665925e-05, "max": 0.017637597458823123, "min": -0.022814623167126805}}, "transcription": {"character_length": {"mean": 24.494947378600095, "max": 229, "min": 1}, "token_length": {"mean": 26.396554225022967, "max": 200, "min": 5}}, "total_data_size": 62047, "total_audio_duration (sec)": 359961.8086875031, "total_transcription_size (character)": 1519838}, "reazonspeech.medium": {"audio": {"duration": {"mean": 5.813945806939046, "max": 29.9999375, "min": 0.3645625}, "amplitude_max": {"mean": 0.30823714126356627, "max": 4.1092529296875, "min": 0.00738525390625}, "amplitude_min": {"mean": -0.2721511942556088, "max": -0.006072998046875, "min": -1.319549560546875}, "amplitude_mean": {"mean": -1.2371193962592533e-05, "max": 0.055431441421108694, "min": -0.06511519275242081}}, "transcription": {"character_length": {"mean": 24.525038117634896, "max": 278, "min": 1}, "token_length": {"mean": 26.422982995658465, "max": 244, "min": 5}}, "total_data_size": 619136, "total_audio_duration (sec)": 3599623.151125013, "total_transcription_size (character)": 15184334},"ja_asr.jsut-basic5000": {"audio": {"duration": {"mean": 4.879981962500002, "max": 16.37, "min": 1.44}, "amplitude_max": {"mean": 0.29849571533203123, "max": 0.8353271484375, "min": 0.1644287109375}, "amplitude_min": {"mean": -0.3610068908691406, "max": -0.225921630859375, "min": -0.6043701171875}, "amplitude_mean": {"mean": -0.00011396352991614198, "max": 0.00019071391810659554, "min": -0.0005297069748242696}}, "transcription": {"character_length": {"mean": 29.3598, "max": 97, "min": 5}, "token_length": {"mean": 32.4696, "max": 95, "min": 10}}, "total_data_size": 5000, "total_audio_duration (sec)": 24399.90981250001, "total_transcription_size (character)": 146799}, "common_voice_8_0": {"audio": {"duration": {"mean": 5.179522046248786, "max": 10.496, "min": 1.536}, "amplitude_max": {"mean": 0.54655678999888, "max": 1.8852744102478027, "min": 0.005425442010164261}, "amplitude_min": {"mean": -0.5183554265553395, "max": -0.005679234862327576, "min": -1.8067032098770142}, "amplitude_mean": {"mean": -6.5805537572724295e-06, "max": 0.00045223285987805684, "min": -0.003089697120947141}}, "transcription": {"character_length": {"mean": 23.068480927950034, "max": 75, "min": 2}, "token_length": {"mean": 24.51862592014276, "max": 73, "min": 6}}, "total_data_size": 4483, "total_audio_duration (sec)": 23219.797333333307, "total_transcription_size (character)": 103416}}