{"wer": 93.13372678854182, "wer_ortho": 111.07651245551602}