{"tiny": {"duration": [5.818697374600789, 30971.8214375, 0], "amp_max": [0.3089438565082396, 1644.3109436035156, 0], "amp_min": [-0.27363983446687723, 0, -1456.43212890625], "amp_mean": [-1.335487631830351e-05, 9.034463425078258e-05, -0.07869902875654497], "data_size": 5323}, "small": {"duration": [5.801437759883687, 359953.0003125031, 0], "amp_max": [0.308449049846097, 19138.023651123047, 0], "amp_min": [-0.27252118176763934, 0, -16908.768157958984], "amp_mean": [-1.177177772665925e-05, 9.034463425078258e-05, -0.7505654478841707], "data_size": 62047}, "medium": {"duration": [5.813945806939046, 3599617.645250013, 0], "amp_max": [0.30823714126356627, 190840.50427246094, 0], "amp_min": [-0.2721511942556088, 0, -168498.298828125], "amp_mean": [-1.2371193962592533e-05, 9.034463425078258e-05, -7.660224080025777], "data_size": 619136}}