{"wer": 102.25996833165397, "wer_ortho": 102.22419928825623}